               epoch,      train/box_loss,      train/obj_loss,      train/cls_loss,   metrics/precision,      metrics/recall,     metrics/mAP_0.5,metrics/mAP_0.5:0.95,        val/box_loss,        val/obj_loss,        val/cls_loss,               x/lr0,               x/lr1,               x/lr2
                   0,             0.12276,             0.39975,                   0,            0.012222,           0.0094828,           0.0061746,           0.0011214,             0.11769,             0.32636,                   0,              0.0964,              0.0004,              0.0004
                   1,             0.12023,             0.36322,                   0,            0.037778,             0.02931,             0.01987,           0.0049652,             0.11398,             0.30098,                   0,            0.091897,          0.00089703,          0.00089703
                   2,             0.11731,             0.36919,                   0,             0.10444,            0.081034,            0.060702,            0.018563,             0.11147,             0.29584,                   0,            0.087391,           0.0013908,           0.0013908
                   3,              0.1132,             0.33934,                   0,             0.11558,            0.089655,            0.064762,            0.016903,             0.10838,             0.30981,                   0,            0.082881,           0.0018812,           0.0018812
                   4,             0.11105,             0.34066,                   0,             0.11997,             0.12328,            0.070791,             0.01915,             0.10838,             0.27144,                   0,            0.078368,           0.0023683,           0.0023683
                   5,             0.10504,             0.30976,                   0,             0.17117,             0.13448,             0.11189,            0.030405,            0.099895,             0.29369,                   0,            0.073852,           0.0028522,           0.0028522
                   6,            0.099938,             0.32511,                   0,             0.19089,             0.29138,             0.13192,            0.034675,            0.095413,             0.31928,                   0,            0.069333,           0.0033327,           0.0033327
                   7,            0.093846,             0.38033,                   0,             0.27772,             0.44052,             0.24243,            0.062305,            0.092642,             0.34729,                   0,             0.06481,           0.0038099,           0.0038099
                   8,              0.0878,             0.36817,                   0,             0.22129,             0.63621,             0.23027,            0.063645,            0.087193,             0.41835,                   0,            0.060284,           0.0042838,           0.0042838
                   9,            0.085399,             0.40682,                   0,             0.27775,              0.7681,             0.40978,             0.11294,            0.083992,             0.49057,                   0,            0.055754,           0.0047545,           0.0047545
                  10,            0.076369,              0.3805,                   0,              0.2421,             0.66121,             0.26879,            0.066844,            0.085099,             0.49216,                   0,            0.051222,           0.0052218,           0.0052218
                  11,            0.075113,             0.39057,                   0,             0.24115,             0.79052,             0.24898,            0.079252,            0.079402,             0.44768,                   0,            0.046686,           0.0056858,           0.0056858
                  12,             0.07829,             0.40921,                   0,               0.218,             0.75862,             0.23893,            0.065012,            0.095728,              0.5088,                   0,            0.042147,           0.0061466,           0.0061466
                  13,            0.081521,             0.37219,                   0,             0.26213,             0.65345,             0.31273,            0.082144,            0.086438,              0.4043,                   0,            0.037604,            0.006604,            0.006604
                  14,            0.074538,             0.40176,                   0,             0.29127,             0.76034,             0.30738,            0.092023,            0.068982,             0.40249,                   0,            0.033058,           0.0070581,           0.0070581
                  15,            0.070615,              0.4504,                   0,             0.21259,             0.77414,             0.19652,            0.062757,            0.072105,             0.50773,                   0,            0.028509,           0.0075089,           0.0075089
                  16,            0.068165,             0.39431,                   0,             0.23298,             0.71207,             0.22954,            0.077114,            0.084669,             0.41116,                   0,            0.023956,           0.0079565,           0.0079565
                  17,            0.073283,             0.39995,                   0,             0.47337,             0.66379,             0.48642,              0.1456,            0.073363,             0.35397,                   0,            0.019401,           0.0084007,           0.0084007
                  18,            0.074393,             0.39185,                   0,            0.092865,             0.37845,            0.063012,            0.015775,            0.086982,             0.42092,                   0,            0.014842,           0.0088416,           0.0088416
                  19,            0.071433,             0.37139,                   0,             0.29331,             0.74052,             0.29592,            0.088289,            0.073498,             0.37798,                   0,            0.010279,           0.0092793,           0.0092793
                  20,            0.072602,             0.40919,                   0,             0.15545,             0.61983,             0.13581,            0.037996,            0.082186,             0.35285,                   0,             0.00934,             0.00934,             0.00934
                  21,            0.071515,             0.40297,                   0,             0.79046,              0.7681,              0.8178,             0.29707,            0.068277,             0.35314,                   0,             0.00934,             0.00934,             0.00934
                  22,            0.065294,             0.42914,                   0,             0.57888,             0.72877,             0.70191,             0.24043,            0.060462,             0.32349,                   0,            0.009307,            0.009307,            0.009307
                  23,            0.069611,             0.44652,                   0,             0.49473,             0.71156,             0.69081,              0.3031,            0.058484,             0.33894,                   0,            0.009274,            0.009274,            0.009274
                  24,            0.062857,             0.37783,                   0,             0.30726,             0.72931,             0.32264,             0.11311,            0.077532,               0.344,                   0,            0.009241,            0.009241,            0.009241
                  25,            0.070147,             0.41422,                   0,             0.57386,               0.725,             0.67044,             0.22302,            0.064067,             0.30813,                   0,            0.009208,            0.009208,            0.009208
                  26,            0.063276,             0.41905,                   0,              0.4867,             0.71983,             0.62796,              0.2193,            0.059903,             0.30868,                   0,            0.009175,            0.009175,            0.009175
                  27,            0.058106,             0.42231,                   0,             0.37623,             0.83194,             0.41838,             0.17331,             0.07109,             0.32317,                   0,            0.009142,            0.009142,            0.009142
                  28,            0.068768,             0.38075,                   0,             0.60031,             0.72249,             0.69039,             0.22291,            0.061838,             0.30516,                   0,            0.009109,            0.009109,            0.009109
                  29,            0.065349,             0.40726,                   0,              0.3596,             0.77586,             0.41298,             0.11913,            0.066872,             0.34145,                   0,            0.009076,            0.009076,            0.009076
                  30,            0.059982,             0.41455,                   0,              0.8502,             0.83177,             0.90148,             0.38855,            0.053142,             0.30296,                   0,            0.009043,            0.009043,            0.009043
                  31,            0.053273,             0.38472,                   0,             0.39503,              0.8319,             0.72906,             0.33978,            0.062126,             0.41441,                   0,             0.00901,             0.00901,             0.00901
                  32,            0.063032,             0.44997,                   0,              0.7095,             0.82241,             0.86826,              0.4266,            0.052976,             0.30521,                   0,            0.008977,            0.008977,            0.008977
                  33,            0.059444,             0.41397,                   0,             0.43263,             0.73017,             0.56699,             0.20596,            0.064031,             0.31111,                   0,            0.008944,            0.008944,            0.008944
                  34,            0.064144,             0.41927,                   0,              0.8829,             0.70172,             0.83835,             0.36055,            0.060447,             0.29511,                   0,            0.008911,            0.008911,            0.008911
                  35,            0.059209,             0.41384,                   0,             0.56045,             0.71887,             0.73562,             0.33049,            0.054358,              0.3232,                   0,            0.008878,            0.008878,            0.008878
                  36,            0.057789,             0.40109,                   0,             0.69635,             0.69052,             0.77713,             0.27827,            0.056724,             0.31911,                   0,            0.008845,            0.008845,            0.008845
                  37,            0.056964,             0.38311,                   0,             0.68122,             0.80503,             0.77372,             0.35018,            0.053599,             0.31314,                   0,            0.008812,            0.008812,            0.008812
                  38,            0.058588,             0.39081,                   0,             0.82489,             0.76724,             0.87057,             0.40418,            0.055212,             0.30843,                   0,            0.008779,            0.008779,            0.008779
                  39,            0.053575,             0.39699,                   0,             0.36092,             0.76552,             0.42256,             0.15345,            0.064016,             0.31496,                   0,            0.008746,            0.008746,            0.008746
                  40,            0.066429,             0.42191,                   0,              0.6694,             0.75231,              0.7795,             0.32615,            0.056189,             0.31069,                   0,            0.008713,            0.008713,            0.008713
                  41,            0.054165,             0.44799,                   0,             0.91678,             0.90086,             0.93877,             0.41679,            0.051795,             0.30164,                   0,             0.00868,             0.00868,             0.00868
                  42,            0.066034,             0.43468,                   0,             0.27026,             0.83488,             0.29269,             0.10243,            0.065333,             0.33181,                   0,            0.008647,            0.008647,            0.008647
                  43,            0.066445,             0.39396,                   0,             0.93712,             0.86074,             0.92152,             0.37544,            0.054987,             0.29977,                   0,            0.008614,            0.008614,            0.008614
                  44,            0.054661,             0.40213,                   0,             0.86598,             0.89686,             0.93183,             0.41111,            0.049428,             0.30284,                   0,            0.008581,            0.008581,            0.008581
                  45,            0.053931,             0.40649,                   0,             0.84532,             0.84224,             0.91602,             0.44008,            0.051496,             0.29746,                   0,            0.008548,            0.008548,            0.008548
                  46,             0.05832,             0.40265,                   0,             0.54685,             0.83744,               0.677,             0.24964,            0.058391,             0.31993,                   0,            0.008515,            0.008515,            0.008515
                  47,            0.053674,             0.37765,                   0,             0.46177,             0.71379,              0.6194,             0.27114,            0.061175,             0.32066,                   0,            0.008482,            0.008482,            0.008482
                  48,            0.060178,             0.41144,                   0,             0.86529,             0.79181,              0.8991,             0.44271,             0.04988,              0.2966,                   0,            0.008449,            0.008449,            0.008449
                  49,            0.056439,              0.3894,                   0,             0.59948,             0.68534,             0.71774,             0.31488,            0.059479,             0.31092,                   0,            0.008416,            0.008416,            0.008416
                  50,            0.057134,              0.3875,                   0,             0.62452,             0.78793,              0.7768,             0.37256,            0.054215,             0.30119,                   0,            0.008383,            0.008383,            0.008383
                  51,             0.05222,             0.38077,                   0,             0.70924,             0.83362,             0.82784,              0.2809,             0.05824,             0.33465,                   0,             0.00835,             0.00835,             0.00835
                  52,            0.061109,             0.40288,                   0,               0.865,              0.8672,             0.91742,              0.4427,            0.049351,             0.30381,                   0,            0.008317,            0.008317,            0.008317
                  53,            0.054953,              0.4024,                   0,             0.73883,             0.82069,             0.85929,             0.40913,            0.057205,             0.32142,                   0,            0.008284,            0.008284,            0.008284
                  54,            0.058806,             0.44948,                   0,             0.84546,             0.83276,             0.91282,             0.41567,            0.051042,             0.31835,                   0,            0.008251,            0.008251,            0.008251
                  55,            0.051601,             0.38786,                   0,             0.81478,             0.81151,             0.87127,             0.31878,            0.059443,             0.30307,                   0,            0.008218,            0.008218,            0.008218
                  56,              0.0585,             0.41074,                   0,             0.93285,              0.9341,             0.95633,             0.44875,             0.04906,             0.30166,                   0,            0.008185,            0.008185,            0.008185
                  57,            0.053409,             0.40448,                   0,             0.58632,             0.78621,             0.76549,             0.34115,            0.053327,             0.30155,                   0,            0.008152,            0.008152,            0.008152
                  58,            0.054853,             0.39089,                   0,             0.61931,             0.82043,             0.79991,             0.36097,            0.050541,              0.2991,                   0,            0.008119,            0.008119,            0.008119
                  59,            0.049515,              0.3809,                   0,             0.61135,             0.90345,             0.71419,             0.29955,            0.050765,             0.30277,                   0,            0.008086,            0.008086,            0.008086
                  60,            0.054042,             0.40625,                   0,             0.94661,             0.90176,             0.96049,             0.48213,            0.045825,              0.2972,                   0,            0.008053,            0.008053,            0.008053
                  61,             0.05167,             0.40737,                   0,             0.82416,             0.91313,              0.9274,             0.46473,            0.047936,             0.31052,                   0,             0.00802,             0.00802,             0.00802
                  62,            0.050878,             0.39831,                   0,             0.93632,             0.92529,             0.95846,             0.43794,            0.046711,             0.29297,                   0,            0.007987,            0.007987,            0.007987
                  63,             0.04957,             0.39341,                   0,              0.9402,             0.94397,             0.96904,             0.46803,             0.04668,             0.29947,                   0,            0.007954,            0.007954,            0.007954
                  64,            0.050329,             0.39414,                   0,             0.93818,             0.92891,             0.96654,             0.46799,            0.046107,             0.29056,                   0,            0.007921,            0.007921,            0.007921
                  65,            0.050931,             0.39716,                   0,             0.65418,             0.88966,             0.76013,             0.28864,            0.052363,             0.31026,                   0,            0.007888,            0.007888,            0.007888
                  66,            0.050382,             0.36632,                   0,             0.93687,             0.92112,             0.96913,             0.49681,            0.045507,             0.28903,                   0,            0.007855,            0.007855,            0.007855
                  67,            0.049736,             0.39143,                   0,             0.86661,             0.89397,             0.90533,             0.31927,            0.057712,             0.31991,                   0,            0.007822,            0.007822,            0.007822
                  68,            0.056808,             0.39062,                   0,               0.943,             0.93621,             0.96969,             0.48859,            0.045017,              0.2913,                   0,            0.007789,            0.007789,            0.007789
                  69,            0.050696,             0.40083,                   0,             0.82727,             0.82414,             0.90245,             0.40245,            0.049053,             0.30313,                   0,            0.007756,            0.007756,            0.007756
                  70,            0.050997,             0.38672,                   0,             0.94897,             0.93103,             0.96986,             0.47619,             0.04544,             0.28743,                   0,            0.007723,            0.007723,            0.007723
                  71,            0.046691,             0.36784,                   0,             0.72116,             0.81207,             0.84838,             0.33831,            0.052491,             0.30928,                   0,             0.00769,             0.00769,             0.00769
                  72,            0.055754,             0.40391,                   0,             0.94568,             0.90086,             0.96826,             0.49042,            0.044588,             0.29152,                   0,            0.007657,            0.007657,            0.007657
                  73,            0.049806,             0.42373,                   0,             0.95348,             0.93652,             0.97513,             0.49406,            0.044446,             0.29132,                   0,            0.007624,            0.007624,            0.007624
                  74,            0.048267,             0.38788,                   0,              0.9545,             0.90428,             0.96304,             0.47354,            0.044844,             0.29422,                   0,            0.007591,            0.007591,            0.007591
                  75,            0.047482,              0.3738,                   0,             0.93261,             0.89474,             0.95145,             0.40998,            0.049691,             0.29743,                   0,            0.007558,            0.007558,            0.007558
                  76,               0.053,             0.40176,                   0,              0.9511,              0.9181,             0.97068,             0.49841,            0.044419,             0.28676,                   0,            0.007525,            0.007525,            0.007525
                  77,            0.051346,              0.4156,                   0,              0.9378,             0.93448,             0.96927,             0.44377,            0.048288,             0.29713,                   0,            0.007492,            0.007492,            0.007492
                  78,            0.050631,             0.39372,                   0,               0.934,             0.92759,             0.95628,             0.47124,            0.045225,             0.28984,                   0,            0.007459,            0.007459,            0.007459
                  79,            0.046826,             0.39444,                   0,             0.94068,             0.92955,             0.96597,             0.45162,            0.047062,             0.30133,                   0,            0.007426,            0.007426,            0.007426
                  80,            0.051361,             0.40561,                   0,             0.94833,             0.92328,             0.96916,             0.50245,            0.044271,             0.28741,                   0,            0.007393,            0.007393,            0.007393
                  81,            0.049296,             0.35616,                   0,              0.9506,             0.89741,             0.95924,             0.43206,            0.047318,              0.2933,                   0,             0.00736,             0.00736,             0.00736
                  82,            0.052634,             0.39922,                   0,             0.94239,             0.88847,             0.94622,             0.41678,            0.048364,             0.29602,                   0,            0.007327,            0.007327,            0.007327
                  83,            0.049011,             0.39885,                   0,             0.94303,             0.89569,             0.95593,             0.41533,             0.04906,             0.31173,                   0,            0.007294,            0.007294,            0.007294
                  84,             0.05145,             0.41376,                   0,             0.95465,             0.90735,             0.96589,             0.49609,            0.043942,             0.29142,                   0,            0.007261,            0.007261,            0.007261
                  85,            0.049655,             0.39932,                   0,             0.94789,             0.91379,             0.96558,             0.45181,            0.045992,             0.30081,                   0,            0.007228,            0.007228,            0.007228
                  86,             0.04972,             0.39592,                   0,             0.95015,             0.92069,             0.96829,             0.48902,            0.043624,             0.29239,                   0,            0.007195,            0.007195,            0.007195
                  87,            0.046786,              0.3867,                   0,             0.94433,             0.92134,             0.96649,             0.47426,            0.045871,             0.29414,                   0,            0.007162,            0.007162,            0.007162
                  88,            0.049951,             0.39633,                   0,             0.94326,             0.89741,             0.96136,             0.46008,            0.045981,             0.28931,                   0,            0.007129,            0.007129,            0.007129
                  89,            0.050329,             0.39519,                   0,             0.92804,             0.88966,              0.9532,             0.42481,            0.046685,             0.29555,                   0,            0.007096,            0.007096,            0.007096
                  90,             0.05192,             0.37635,                   0,             0.92058,             0.90086,             0.93243,             0.38088,            0.049062,             0.28971,                   0,            0.007063,            0.007063,            0.007063
                  91,            0.048664,             0.37179,                   0,             0.95464,              0.9252,             0.97107,              0.4591,            0.046414,             0.29701,                   0,             0.00703,             0.00703,             0.00703
                  92,            0.048893,             0.39671,                   0,             0.95119,             0.94072,             0.97252,             0.48999,            0.044281,             0.28671,                   0,            0.006997,            0.006997,            0.006997
                  93,            0.049706,             0.39411,                   0,             0.94559,             0.91389,             0.95869,             0.39402,            0.047166,             0.29216,                   0,            0.006964,            0.006964,            0.006964
                  94,            0.049823,             0.40865,                   0,             0.96021,             0.93604,             0.97669,             0.51036,             0.04348,             0.28717,                   0,            0.006931,            0.006931,            0.006931
                  95,            0.047808,              0.3491,                   0,             0.95492,             0.91897,             0.97057,              0.4292,            0.046617,             0.29352,                   0,            0.006898,            0.006898,            0.006898
                  96,            0.050206,               0.392,                   0,             0.94993,              0.9323,             0.97268,             0.50081,            0.043555,              0.2893,                   0,            0.006865,            0.006865,            0.006865
                  97,             0.04707,             0.36892,                   0,              0.9626,               0.925,             0.97431,             0.49579,            0.044217,             0.28996,                   0,            0.006832,            0.006832,            0.006832
                  98,            0.049597,             0.36549,                   0,             0.92468,             0.89956,             0.93274,             0.38694,            0.048908,             0.29258,                   0,            0.006799,            0.006799,            0.006799
                  99,            0.048277,             0.38291,                   0,              0.8847,             0.88707,             0.92483,             0.37739,            0.051183,             0.29272,                   0,            0.006766,            0.006766,            0.006766
                 100,            0.054553,             0.35241,                   0,             0.93079,              0.9181,             0.96072,             0.45952,            0.045059,             0.28902,                   0,            0.006733,            0.006733,            0.006733
                 101,            0.048694,             0.40143,                   0,             0.92401,             0.94345,             0.96284,             0.48712,            0.044431,             0.29313,                   0,              0.0067,              0.0067,              0.0067
                 102,             0.05078,             0.35942,                   0,             0.89255,              0.9069,             0.93889,             0.41005,            0.050184,             0.29399,                   0,            0.006667,            0.006667,            0.006667
                 103,            0.053764,             0.39332,                   0,             0.91455,             0.95028,             0.96118,             0.45723,             0.04563,             0.29484,                   0,            0.006634,            0.006634,            0.006634
                 104,            0.049528,             0.40038,                   0,             0.94896,             0.93103,             0.96698,             0.47637,            0.044163,             0.29147,                   0,            0.006601,            0.006601,            0.006601
                 105,            0.048751,             0.36912,                   0,             0.93834,              0.9184,             0.96125,              0.4249,            0.047135,             0.29086,                   0,            0.006568,            0.006568,            0.006568
                 106,            0.049006,             0.38061,                   0,             0.95377,             0.92488,             0.96739,             0.48023,            0.044109,             0.28914,                   0,            0.006535,            0.006535,            0.006535
                 107,            0.046727,             0.35051,                   0,             0.62985,             0.85081,             0.80714,             0.42443,            0.048892,             0.28962,                   0,            0.006502,            0.006502,            0.006502
                 108,            0.051632,             0.37253,                   0,             0.93306,             0.93879,             0.96705,             0.46908,            0.045204,             0.29046,                   0,            0.006469,            0.006469,            0.006469
                 109,            0.049688,             0.36136,                   0,             0.93323,             0.93988,             0.96898,             0.43944,            0.046817,             0.28977,                   0,            0.006436,            0.006436,            0.006436
                 110,             0.04845,             0.37307,                   0,             0.94463,             0.94118,             0.97278,             0.49773,            0.043379,              0.2864,                   0,            0.006403,            0.006403,            0.006403
                 111,            0.047494,             0.39978,                   0,             0.92018,              0.9243,             0.94515,             0.35969,            0.052587,             0.29741,                   0,             0.00637,             0.00637,             0.00637
                 112,            0.053496,             0.39192,                   0,             0.94987,             0.94914,             0.97538,             0.50202,            0.043994,             0.28526,                   0,            0.006337,            0.006337,            0.006337
                 113,            0.049974,             0.36972,                   0,             0.87352,             0.87155,             0.89343,             0.33747,            0.052662,              0.2919,                   0,            0.006304,            0.006304,            0.006304
                 114,            0.052764,             0.38916,                   0,              0.9185,             0.92296,             0.96248,             0.48817,            0.045997,             0.28612,                   0,            0.006271,            0.006271,            0.006271
                 115,            0.047295,              0.3943,                   0,             0.94488,             0.94585,              0.9692,             0.49084,            0.046102,              0.2989,                   0,            0.006238,            0.006238,            0.006238
                 116,            0.046863,             0.36064,                   0,             0.95146,             0.94623,             0.97333,             0.51501,            0.042599,             0.28533,                   0,            0.006205,            0.006205,            0.006205
                 117,            0.046216,             0.37824,                   0,               0.954,             0.93707,             0.97102,             0.48143,            0.043804,             0.28862,                   0,            0.006172,            0.006172,            0.006172
                 118,            0.047358,             0.40344,                   0,             0.95477,             0.93707,              0.9718,             0.49861,            0.044484,             0.28811,                   0,            0.006139,            0.006139,            0.006139
                 119,             0.04629,             0.38285,                   0,             0.96088,             0.93173,               0.975,              0.5039,            0.043923,             0.29007,                   0,            0.006106,            0.006106,            0.006106
                 120,            0.046833,             0.37694,                   0,             0.96035,             0.93969,             0.97398,             0.51261,            0.042855,             0.28654,                   0,            0.006073,            0.006073,            0.006073
                 121,            0.046303,             0.37911,                   0,             0.96632,             0.92155,             0.97058,             0.50662,             0.04504,             0.29103,                   0,             0.00604,             0.00604,             0.00604
                 122,            0.047678,             0.37143,                   0,              0.9639,             0.93017,             0.97228,             0.50224,            0.043028,             0.28362,                   0,            0.006007,            0.006007,            0.006007
                 123,            0.046504,             0.37324,                   0,             0.94809,             0.93017,             0.96204,              0.4568,             0.04674,             0.29553,                   0,            0.005974,            0.005974,            0.005974
                 124,            0.050566,             0.38814,                   0,             0.95776,             0.93103,             0.97414,             0.50623,            0.043131,             0.28745,                   0,            0.005941,            0.005941,            0.005941
                 125,            0.046534,             0.35831,                   0,             0.95666,             0.91983,              0.9652,             0.48703,            0.044792,             0.28952,                   0,            0.005908,            0.005908,            0.005908
                 126,            0.046288,             0.35773,                   0,             0.95314,             0.92586,              0.9707,             0.50688,            0.043282,              0.2869,                   0,            0.005875,            0.005875,            0.005875
                 127,            0.046379,             0.37714,                   0,             0.95921,             0.91638,             0.96604,             0.49383,            0.043927,             0.29471,                   0,            0.005842,            0.005842,            0.005842
                 128,            0.046589,             0.39563,                   0,             0.95806,             0.92553,             0.97222,             0.51514,            0.042456,             0.28795,                   0,            0.005809,            0.005809,            0.005809
                 129,            0.046116,             0.35241,                   0,             0.94248,             0.88994,             0.94339,             0.43432,            0.048456,             0.29571,                   0,            0.005776,            0.005776,            0.005776
                 130,            0.048114,              0.3727,                   0,             0.95415,             0.92931,              0.9716,             0.50214,            0.042946,             0.28668,                   0,            0.005743,            0.005743,            0.005743
                 131,            0.046427,             0.35407,                   0,             0.91309,             0.89224,             0.92851,             0.37831,            0.051588,             0.29412,                   0,             0.00571,             0.00571,             0.00571
                 132,            0.052254,             0.37622,                   0,             0.95187,             0.92058,             0.97132,             0.50592,            0.042858,              0.2871,                   0,            0.005677,            0.005677,            0.005677
                 133,            0.045771,             0.37984,                   0,             0.95674,             0.93424,             0.97335,             0.51345,            0.043762,             0.28795,                   0,            0.005644,            0.005644,            0.005644
                 134,            0.045618,             0.37063,                   0,             0.95365,             0.93997,             0.97563,             0.52286,            0.042618,             0.28397,                   0,            0.005611,            0.005611,            0.005611
                 135,            0.047182,             0.37531,                   0,             0.93888,             0.89655,             0.94514,             0.42721,             0.04706,             0.28938,                   0,            0.005578,            0.005578,            0.005578
                 136,            0.051247,             0.38988,                   0,             0.95653,             0.92958,             0.97328,             0.49389,            0.043393,             0.28849,                   0,            0.005545,            0.005545,            0.005545
                 137,             0.04608,             0.38084,                   0,             0.94934,             0.91638,             0.96487,             0.49302,            0.043594,             0.28848,                   0,            0.005512,            0.005512,            0.005512
                 138,            0.046504,             0.37628,                   0,             0.94501,              0.9319,              0.9701,             0.48166,            0.043996,             0.28681,                   0,            0.005479,            0.005479,            0.005479
                 139,             0.04668,             0.38362,                   0,             0.95827,             0.92155,             0.96651,             0.49859,            0.043467,             0.29533,                   0,            0.005446,            0.005446,            0.005446
                 140,            0.044757,             0.36092,                   0,             0.95755,             0.93448,             0.96992,             0.49842,            0.043277,             0.28794,                   0,            0.005413,            0.005413,            0.005413
                 141,            0.045472,             0.35821,                   0,             0.95162,             0.90776,             0.95923,             0.47722,            0.044752,             0.28883,                   0,             0.00538,             0.00538,             0.00538
                 142,            0.045883,             0.36978,                   0,             0.95898,             0.90603,              0.9652,             0.49451,            0.043364,             0.29323,                   0,            0.005347,            0.005347,            0.005347
                 143,            0.045261,             0.37089,                   0,             0.96087,             0.91017,             0.96568,             0.49842,            0.043123,             0.28877,                   0,            0.005314,            0.005314,            0.005314
                 144,            0.045874,             0.37374,                   0,             0.95841,             0.91983,              0.9675,             0.47727,            0.044224,             0.28976,                   0,            0.005281,            0.005281,            0.005281
                 145,            0.046598,             0.37974,                   0,             0.94219,             0.92729,             0.96041,             0.47916,            0.044716,             0.28927,                   0,            0.005248,            0.005248,            0.005248
                 146,            0.047362,             0.37939,                   0,             0.94942,             0.93863,             0.97345,             0.49615,            0.043037,             0.28591,                   0,            0.005215,            0.005215,            0.005215
                 147,            0.046068,              0.3782,                   0,             0.93913,             0.91207,             0.95155,             0.45348,            0.045566,             0.29192,                   0,            0.005182,            0.005182,            0.005182
                 148,            0.046714,             0.35045,                   0,             0.95558,             0.92716,              0.9709,             0.50621,             0.04283,             0.28463,                   0,            0.005149,            0.005149,            0.005149
                 149,            0.045925,             0.38628,                   0,             0.94821,             0.92328,             0.96383,             0.50072,            0.043166,              0.2868,                   0,            0.005116,            0.005116,            0.005116
                 150,            0.045879,             0.38961,                   0,             0.95643,             0.90838,             0.96072,             0.48383,            0.043699,             0.28835,                   0,            0.005083,            0.005083,            0.005083
                 151,            0.045831,             0.38106,                   0,             0.95574,             0.93073,             0.97259,             0.50426,            0.043046,             0.28691,                   0,             0.00505,             0.00505,             0.00505
                 152,            0.045838,             0.37872,                   0,                0.96,             0.93094,             0.97217,             0.50912,            0.042789,             0.28867,                   0,            0.005017,            0.005017,            0.005017
                 153,            0.045229,             0.37658,                   0,             0.95619,             0.91983,             0.96495,             0.49285,            0.043649,             0.29331,                   0,            0.004984,            0.004984,            0.004984
                 154,            0.045725,             0.38294,                   0,             0.95927,             0.93448,             0.97123,              0.5052,            0.043108,             0.29139,                   0,            0.004951,            0.004951,            0.004951
                 155,            0.044106,             0.36086,                   0,             0.95045,               0.926,             0.96071,             0.48391,            0.043784,             0.28859,                   0,            0.004918,            0.004918,            0.004918
                 156,            0.047167,             0.38278,                   0,             0.95496,             0.93217,             0.97228,             0.50461,            0.042754,              0.2871,                   0,            0.004885,            0.004885,            0.004885
                 157,            0.045734,              0.3825,                   0,             0.96104,             0.93568,             0.97185,             0.51337,            0.042609,             0.28731,                   0,            0.004852,            0.004852,            0.004852
                 158,            0.044072,               0.357,                   0,             0.96151,             0.92589,             0.97053,             0.51673,            0.042255,             0.28538,                   0,            0.004819,            0.004819,            0.004819
                 159,            0.044911,             0.37098,                   0,             0.94817,             0.92931,             0.97049,              0.4869,            0.043796,              0.2881,                   0,            0.004786,            0.004786,            0.004786
                 160,             0.04674,             0.35192,                   0,             0.95704,             0.92193,             0.96957,             0.51066,            0.042717,             0.28965,                   0,            0.004753,            0.004753,            0.004753
                 161,            0.044727,             0.35776,                   0,             0.95439,              0.9319,             0.97199,             0.50276,            0.043237,             0.28867,                   0,             0.00472,             0.00472,             0.00472
                 162,            0.044506,              0.3518,                   0,              0.9627,             0.93454,             0.97126,             0.51652,            0.042463,             0.28607,                   0,            0.004687,            0.004687,            0.004687
                 163,            0.047982,             0.40875,                   0,             0.95799,             0.92931,             0.96744,             0.48302,            0.044276,             0.28746,                   0,            0.004654,            0.004654,            0.004654
                 164,            0.047148,             0.36717,                   0,             0.95586,             0.92155,             0.96535,             0.51031,              0.0427,             0.28891,                   0,            0.004621,            0.004621,            0.004621
                 165,            0.045188,             0.37169,                   0,               0.956,             0.93651,             0.97022,             0.49374,            0.043109,             0.28743,                   0,            0.004588,            0.004588,            0.004588
                 166,            0.045614,             0.36944,                   0,             0.94884,               0.925,             0.96458,             0.51063,            0.042628,             0.28761,                   0,            0.004555,            0.004555,            0.004555
                 167,            0.044295,             0.36324,                   0,             0.96084,             0.91983,              0.9694,             0.48916,            0.043247,             0.28832,                   0,            0.004522,            0.004522,            0.004522
                 168,             0.04558,              0.3629,                   0,             0.95704,             0.92185,             0.96747,             0.50572,            0.043049,             0.29232,                   0,            0.004489,            0.004489,            0.004489
                 169,            0.043358,             0.34955,                   0,             0.95086,             0.91747,             0.96898,             0.51106,            0.042584,             0.28946,                   0,            0.004456,            0.004456,            0.004456
                 170,            0.045487,             0.38201,                   0,             0.95523,             0.91968,             0.96669,             0.50941,            0.042821,             0.29152,                   0,            0.004423,            0.004423,            0.004423
                 171,            0.044515,             0.35387,                   0,             0.95359,             0.88966,             0.94854,             0.46613,            0.045573,             0.29827,                   0,             0.00439,             0.00439,             0.00439
                 172,            0.051217,             0.39538,                   0,             0.96367,             0.92241,             0.97014,             0.51504,            0.042342,             0.28925,                   0,            0.004357,            0.004357,            0.004357
                 173,             0.04504,             0.37752,                   0,             0.95921,             0.93258,             0.97158,              0.5141,            0.042892,             0.28791,                   0,            0.004324,            0.004324,            0.004324
                 174,            0.045339,             0.37532,                   0,             0.96008,             0.93306,             0.97189,             0.52028,             0.04204,             0.28524,                   0,            0.004291,            0.004291,            0.004291
                 175,            0.043468,             0.34978,                   0,             0.95875,             0.92155,              0.9696,             0.50472,            0.042889,             0.29016,                   0,            0.004258,            0.004258,            0.004258
                 176,            0.044209,             0.35125,                   0,              0.9568,             0.93276,             0.97095,             0.52033,            0.042127,              0.2858,                   0,            0.004225,            0.004225,            0.004225
                 177,             0.04358,             0.35897,                   0,              0.9531,             0.94052,             0.97025,              0.5112,            0.042581,             0.28905,                   0,            0.004192,            0.004192,            0.004192
                 178,            0.043434,             0.35973,                   0,             0.96008,             0.93301,             0.96966,             0.51593,            0.042329,             0.28988,                   0,            0.004159,            0.004159,            0.004159
                 179,            0.043312,             0.35395,                   0,             0.95843,             0.93103,             0.96714,             0.50559,            0.042973,             0.29171,                   0,            0.004126,            0.004126,            0.004126
                 180,            0.043485,             0.35355,                   0,             0.96179,              0.9319,             0.97128,             0.50044,            0.043617,             0.29451,                   0,            0.004093,            0.004093,            0.004093
                 181,            0.045304,             0.36639,                   0,             0.95201,             0.94049,             0.96989,             0.51709,            0.042295,             0.28745,                   0,             0.00406,             0.00406,             0.00406
                 182,            0.043563,             0.34299,                   0,             0.95043,             0.94222,             0.97125,             0.50914,            0.042732,             0.28781,                   0,            0.004027,            0.004027,            0.004027
                 183,            0.044971,             0.38395,                   0,             0.95634,             0.94426,             0.97031,             0.49414,             0.04385,             0.29083,                   0,            0.003994,            0.003994,            0.003994
                 184,             0.04506,             0.38784,                   0,              0.9582,             0.94865,             0.97417,             0.51927,            0.042337,              0.2862,                   0,            0.003961,            0.003961,            0.003961
                 185,            0.044567,             0.37327,                   0,             0.95654,             0.94741,             0.97535,             0.51428,            0.042454,              0.2852,                   0,            0.003928,            0.003928,            0.003928
                 186,            0.045445,             0.38472,                   0,             0.95934,             0.93534,             0.97104,             0.51198,             0.04272,             0.28856,                   0,            0.003895,            0.003895,            0.003895
                 187,            0.042239,             0.31462,                   0,             0.96431,             0.93173,             0.97439,             0.52223,            0.042158,             0.28534,                   0,            0.003862,            0.003862,            0.003862
                 188,            0.044745,             0.37383,                   0,             0.96074,             0.92845,             0.97337,             0.51505,            0.042503,             0.28695,                   0,            0.003829,            0.003829,            0.003829
                 189,            0.044692,             0.37351,                   0,             0.95193,             0.92196,             0.96443,             0.50909,            0.042838,             0.28918,                   0,            0.003796,            0.003796,            0.003796
                 190,            0.044605,             0.35983,                   0,             0.95856,             0.92155,             0.96987,             0.51288,            0.042707,             0.29022,                   0,            0.003763,            0.003763,            0.003763
                 191,            0.043632,             0.35748,                   0,             0.95233,             0.91276,             0.96012,             0.50329,            0.043355,             0.28971,                   0,             0.00373,             0.00373,             0.00373
                 192,            0.047179,             0.37827,                   0,             0.95765,              0.9358,             0.97287,             0.51935,            0.042237,             0.28618,                   0,            0.003697,            0.003697,            0.003697
                 193,            0.045267,             0.37798,                   0,             0.95777,              0.9385,             0.97221,              0.5239,             0.04213,             0.28582,                   0,            0.003664,            0.003664,            0.003664
                 194,            0.044396,             0.37539,                   0,             0.95824,             0.93707,             0.97312,             0.52499,            0.042075,             0.28642,                   0,            0.003631,            0.003631,            0.003631
                 195,            0.043555,             0.35837,                   0,             0.96417,             0.92781,             0.97442,             0.51647,            0.042573,             0.29322,                   0,            0.003598,            0.003598,            0.003598
                 196,            0.044494,             0.36185,                   0,             0.95576,             0.93112,             0.97167,              0.5101,            0.042669,             0.28923,                   0,            0.003565,            0.003565,            0.003565
                 197,            0.045038,             0.36973,                   0,             0.95716,             0.91897,             0.96632,             0.51074,            0.042853,             0.29166,                   0,            0.003532,            0.003532,            0.003532
                 198,             0.04456,              0.3801,                   0,              0.9634,             0.91983,             0.97131,             0.50478,            0.043053,             0.29194,                   0,            0.003499,            0.003499,            0.003499
                 199,            0.044216,             0.36584,                   0,             0.96224,              0.9181,             0.96822,             0.51561,            0.042779,             0.29437,                   0,            0.003466,            0.003466,            0.003466
                 200,             0.04379,             0.35118,                   0,             0.96107,             0.92931,             0.97143,             0.50656,            0.042977,             0.29455,                   0,            0.003433,            0.003433,            0.003433
                 201,            0.043616,             0.34905,                   0,             0.95311,              0.9181,             0.96533,             0.50853,            0.042842,             0.29246,                   0,              0.0034,              0.0034,              0.0034
                 202,            0.044683,             0.34813,                   0,             0.96052,             0.92283,             0.97029,             0.50725,            0.043031,             0.29243,                   0,            0.003367,            0.003367,            0.003367
                 203,            0.043364,             0.33601,                   0,             0.95513,             0.92241,             0.96651,             0.50237,            0.043183,             0.29122,                   0,            0.003334,            0.003334,            0.003334
                 204,            0.045534,              0.3704,                   0,             0.96162,             0.92878,             0.97326,             0.51722,            0.042524,             0.29095,                   0,            0.003301,            0.003301,            0.003301
                 205,            0.043071,             0.34766,                   0,             0.96242,             0.92722,             0.97164,             0.51938,             0.04226,             0.28956,                   0,            0.003268,            0.003268,            0.003268
                 206,            0.042609,               0.331,                   0,             0.96223,             0.92241,             0.96867,             0.51438,            0.042572,             0.28959,                   0,            0.003235,            0.003235,            0.003235
                 207,            0.044501,             0.37105,                   0,             0.95395,             0.92865,             0.96655,             0.48989,            0.043915,             0.29108,                   0,            0.003202,            0.003202,            0.003202
                 208,            0.044654,             0.34908,                   0,             0.95828,             0.93879,             0.97211,             0.52148,            0.042211,             0.28761,                   0,            0.003169,            0.003169,            0.003169
                 209,            0.043783,             0.34782,                   0,             0.95917,             0.94138,             0.97319,             0.51012,            0.042924,             0.29161,                   0,            0.003136,            0.003136,            0.003136
                 210,            0.043235,             0.34818,                   0,              0.9533,             0.93362,             0.97096,             0.52114,            0.042225,             0.28932,                   0,            0.003103,            0.003103,            0.003103
                 211,            0.042693,             0.33026,                   0,             0.96148,             0.92531,             0.96931,             0.50731,            0.042968,             0.29388,                   0,             0.00307,             0.00307,             0.00307
                 212,            0.044303,             0.37693,                   0,             0.95777,               0.925,             0.96918,             0.51453,            0.042524,             0.29079,                   0,            0.003037,            0.003037,            0.003037
                 213,            0.042988,             0.34541,                   0,              0.9616,             0.92827,             0.97165,             0.51533,            0.042497,             0.29045,                   0,            0.003004,            0.003004,            0.003004
                 214,            0.045937,              0.3949,                   0,             0.95819,             0.92863,              0.9693,             0.52159,            0.042196,             0.28964,                   0,            0.002971,            0.002971,            0.002971
                 215,              0.0446,             0.38316,                   0,              0.9555,             0.93534,              0.9723,             0.50671,            0.042759,             0.29076,                   0,            0.002938,            0.002938,            0.002938
                 216,             0.04437,             0.36521,                   0,             0.94734,             0.95086,             0.97589,             0.51742,            0.042271,             0.28976,                   0,            0.002905,            0.002905,            0.002905
                 217,            0.044684,             0.37842,                   0,             0.94423,             0.94864,             0.97525,             0.51478,            0.042545,             0.28977,                   0,            0.002872,            0.002872,            0.002872
                 218,            0.043751,             0.35843,                   0,             0.94835,             0.94224,             0.97341,             0.52311,            0.042073,              0.2871,                   0,            0.002839,            0.002839,            0.002839
                 219,            0.044197,             0.35487,                   0,             0.95381,             0.93276,             0.96886,             0.49919,            0.043349,             0.28955,                   0,            0.002806,            0.002806,            0.002806
                 220,            0.044375,              0.3604,                   0,             0.96214,             0.94207,             0.97151,             0.52766,            0.041882,             0.28754,                   0,            0.002773,            0.002773,            0.002773
                 221,            0.042549,             0.33999,                   0,             0.95862,             0.93872,             0.96982,             0.52796,            0.041877,             0.28766,                   0,             0.00274,             0.00274,             0.00274
                 222,            0.044047,             0.37432,                   0,             0.95526,             0.93877,             0.96906,             0.52644,            0.041867,             0.28802,                   0,            0.002707,            0.002707,            0.002707
                 223,            0.044717,             0.38718,                   0,             0.95071,             0.93793,             0.96974,             0.51997,            0.042191,             0.28941,                   0,            0.002674,            0.002674,            0.002674
                 224,            0.044984,             0.37903,                   0,             0.95421,             0.93422,              0.9668,              0.5085,            0.042797,             0.29151,                   0,            0.002641,            0.002641,            0.002641
                 225,            0.044026,             0.36082,                   0,             0.95899,             0.92741,             0.96648,             0.51466,            0.042567,             0.29556,                   0,            0.002608,            0.002608,            0.002608
                 226,            0.043969,             0.36255,                   0,             0.95936,             0.92586,             0.96446,             0.50511,             0.04295,             0.29645,                   0,            0.002575,            0.002575,            0.002575
                 227,            0.045137,             0.37242,                   0,             0.96328,             0.92672,             0.96614,             0.51053,            0.042716,             0.29337,                   0,            0.002542,            0.002542,            0.002542
                 228,            0.043236,             0.33624,                   0,             0.96206,             0.93103,             0.96476,              0.5144,            0.042372,             0.29218,                   0,            0.002509,            0.002509,            0.002509
                 229,            0.043247,             0.34958,                   0,             0.96312,             0.92292,             0.96251,             0.50989,            0.042778,             0.29677,                   0,            0.002476,            0.002476,            0.002476
                 230,            0.043413,              0.3569,                   0,             0.96151,             0.92591,              0.9645,             0.51064,            0.042675,             0.29533,                   0,            0.002443,            0.002443,            0.002443
                 231,            0.042051,             0.32933,                   0,             0.96235,             0.92759,             0.96533,             0.51913,            0.042225,             0.29167,                   0,             0.00241,             0.00241,             0.00241
                 232,            0.043935,             0.35372,                   0,             0.96447,             0.93611,             0.96811,             0.51588,            0.042308,               0.292,                   0,            0.002377,            0.002377,            0.002377
                 233,            0.042611,             0.34137,                   0,             0.96677,             0.92786,             0.97198,              0.5179,             0.04226,             0.29181,                   0,            0.002344,            0.002344,            0.002344
                 234,            0.043486,             0.38151,                   0,              0.9624,             0.92673,             0.96753,             0.51766,             0.04221,             0.29099,                   0,            0.002311,            0.002311,            0.002311
                 235,            0.042765,             0.35616,                   0,             0.96181,             0.92328,             0.96796,             0.51118,            0.042685,             0.29402,                   0,            0.002278,            0.002278,            0.002278
                 236,             0.04276,             0.34875,                   0,             0.95752,             0.91321,             0.96279,             0.51284,            0.042517,             0.29298,                   0,            0.002245,            0.002245,            0.002245
                 237,            0.042844,             0.34637,                   0,             0.96026,             0.91653,             0.96815,             0.51299,            0.042555,              0.2922,                   0,            0.002212,            0.002212,            0.002212
                 238,             0.04293,             0.34527,                   0,             0.96441,             0.91097,             0.96429,             0.51365,            0.042668,             0.29434,                   0,            0.002179,            0.002179,            0.002179
                 239,             0.04279,             0.35282,                   0,             0.96897,             0.92328,             0.96913,             0.51473,            0.042663,             0.29349,                   0,            0.002146,            0.002146,            0.002146
                 240,            0.042719,             0.34003,                   0,             0.96183,              0.9341,             0.97086,             0.50775,            0.042755,             0.29177,                   0,            0.002113,            0.002113,            0.002113
                 241,            0.043549,             0.36376,                   0,             0.96553,             0.94164,             0.97337,             0.51646,            0.042349,             0.29094,                   0,             0.00208,             0.00208,             0.00208
                 242,            0.044303,             0.38016,                   0,             0.96381,             0.93448,             0.96926,             0.51255,            0.042535,             0.29297,                   0,            0.002047,            0.002047,            0.002047
                 243,            0.042496,              0.3483,                   0,             0.96107,             0.93645,             0.97274,             0.51103,            0.042393,             0.29067,                   0,            0.002014,            0.002014,            0.002014
                 244,            0.043041,             0.34931,                   0,             0.96214,             0.94198,             0.97275,             0.51711,            0.042227,             0.28993,                   0,            0.001981,            0.001981,            0.001981
                 245,            0.042724,               0.346,                   0,             0.96036,             0.93993,             0.97432,              0.5175,             0.04222,              0.2891,                   0,            0.001948,            0.001948,            0.001948
                 246,            0.043745,             0.38032,                   0,             0.96155,             0.94052,             0.97375,             0.51527,            0.042251,             0.28892,                   0,            0.001915,            0.001915,            0.001915
                 247,            0.043593,             0.36769,                   0,             0.95846,             0.94397,             0.97245,             0.51516,            0.042347,             0.28948,                   0,            0.001882,            0.001882,            0.001882
                 248,            0.042992,             0.37193,                   0,             0.96469,             0.94052,             0.97295,             0.51317,            0.042574,              0.2926,                   0,            0.001849,            0.001849,            0.001849
                 249,            0.043399,              0.3546,                   0,              0.9646,             0.93969,              0.9718,             0.51138,            0.042597,             0.29281,                   0,            0.001816,            0.001816,            0.001816
                 250,            0.043244,             0.35402,                   0,             0.96203,             0.93925,             0.97012,             0.51308,            0.042593,             0.29166,                   0,            0.001783,            0.001783,            0.001783
                 251,             0.04377,             0.37305,                   0,             0.95548,             0.94363,             0.96953,             0.51411,            0.042359,             0.28967,                   0,             0.00175,             0.00175,             0.00175
                 252,            0.043519,             0.36205,                   0,             0.95818,             0.94224,             0.97043,             0.51706,            0.042314,             0.29064,                   0,            0.001717,            0.001717,            0.001717
                 253,            0.043575,             0.37485,                   0,             0.95735,             0.93879,             0.96921,             0.51683,            0.042225,             0.29028,                   0,            0.001684,            0.001684,            0.001684
                 254,            0.042796,              0.3572,                   0,               0.956,             0.93362,              0.9677,              0.5144,            0.042463,             0.29179,                   0,            0.001651,            0.001651,            0.001651
                 255,            0.042991,             0.33891,                   0,             0.96263,             0.93273,             0.97103,             0.51488,            0.042388,             0.29044,                   0,            0.001618,            0.001618,            0.001618
                 256,            0.042817,             0.35447,                   0,             0.95647,              0.9319,             0.97005,             0.51302,            0.042437,             0.29117,                   0,            0.001585,            0.001585,            0.001585
                 257,            0.043063,             0.35405,                   0,              0.9534,             0.93471,             0.96946,             0.51218,            0.042588,             0.29204,                   0,            0.001552,            0.001552,            0.001552
                 258,            0.042827,             0.35933,                   0,             0.95982,             0.92414,             0.96946,             0.51553,            0.042476,             0.29246,                   0,            0.001519,            0.001519,            0.001519
                 259,            0.043108,             0.35724,                   0,             0.95484,             0.92955,             0.96741,             0.51143,            0.042727,             0.29503,                   0,            0.001486,            0.001486,            0.001486
                 260,            0.043437,             0.34926,                   0,             0.95659,             0.93073,             0.96726,             0.51389,            0.042524,             0.29357,                   0,            0.001453,            0.001453,            0.001453
                 261,            0.042239,             0.35146,                   0,              0.9563,              0.9319,             0.96636,             0.51578,            0.042524,             0.29381,                   0,             0.00142,             0.00142,             0.00142
                 262,            0.041138,              0.3352,                   0,             0.96192,              0.9319,             0.96812,             0.51708,             0.04253,             0.29415,                   0,            0.001387,            0.001387,            0.001387
                 263,            0.043414,              0.3545,                   0,             0.96173,             0.93152,             0.96596,             0.51495,             0.04251,             0.29397,                   0,            0.001354,            0.001354,            0.001354
                 264,            0.042773,             0.33958,                   0,             0.96072,             0.92763,             0.96515,             0.51254,              0.0425,             0.29314,                   0,            0.001321,            0.001321,            0.001321
                 265,            0.042922,              0.3527,                   0,             0.96065,             0.92611,              0.9655,             0.51356,            0.042596,              0.2942,                   0,            0.001288,            0.001288,            0.001288
                 266,            0.043577,             0.37656,                   0,             0.95935,             0.92414,             0.96524,             0.51406,            0.042545,             0.29385,                   0,            0.001255,            0.001255,            0.001255
                 267,            0.041973,             0.35087,                   0,             0.96309,             0.92215,             0.96412,             0.51145,             0.04268,             0.29481,                   0,            0.001222,            0.001222,            0.001222
                 268,            0.043112,               0.354,                   0,             0.96253,             0.92241,             0.96483,             0.51296,            0.042626,             0.29531,                   0,            0.001189,            0.001189,            0.001189
                 269,            0.043124,             0.35176,                   0,              0.9661,               0.925,               0.966,             0.51258,             0.04269,             0.29618,                   0,            0.001156,            0.001156,            0.001156
                 270,            0.042714,             0.34975,                   0,             0.96119,             0.92672,             0.96517,             0.51195,            0.042724,             0.29622,                   0,            0.001123,            0.001123,            0.001123
                 271,            0.041653,             0.34102,                   0,             0.95946,             0.92931,             0.96563,              0.5124,            0.042674,             0.29572,                   0,             0.00109,             0.00109,             0.00109
                 272,            0.043278,             0.37122,                   0,             0.96044,             0.92672,             0.96473,             0.51653,            0.042495,             0.29429,                   0,            0.001057,            0.001057,            0.001057
                 273,            0.042922,             0.35981,                   0,             0.96396,             0.92236,             0.96497,             0.51544,            0.042578,              0.2954,                   0,            0.001024,            0.001024,            0.001024
                 274,            0.041478,             0.32063,                   0,              0.9631,             0.92263,             0.96331,             0.51482,            0.042565,             0.29465,                   0,            0.000991,            0.000991,            0.000991
                 275,            0.041998,             0.33523,                   0,             0.96662,             0.92363,             0.96581,             0.51674,            0.042461,             0.29379,                   0,            0.000958,            0.000958,            0.000958
                 276,            0.042533,             0.35541,                   0,             0.96573,             0.92319,             0.96774,             0.51383,            0.042612,             0.29492,                   0,            0.000925,            0.000925,            0.000925
                 277,            0.042919,             0.36863,                   0,             0.96475,             0.92845,             0.96868,             0.51339,            0.042631,             0.29471,                   0,            0.000892,            0.000892,            0.000892
                 278,            0.042389,             0.34363,                   0,             0.96051,             0.92759,             0.96632,             0.51327,            0.042666,             0.29434,                   0,            0.000859,            0.000859,            0.000859
                 279,            0.043962,             0.38153,                   0,             0.95943,              0.9319,             0.96629,             0.51277,            0.042584,             0.29411,                   0,            0.000826,            0.000826,            0.000826
                 280,            0.043643,             0.35468,                   0,             0.95684,             0.93656,             0.96974,              0.5113,            0.042569,             0.29353,                   0,            0.000793,            0.000793,            0.000793
                 281,            0.043002,             0.34455,                   0,             0.95227,             0.94138,             0.96843,             0.51069,            0.042431,             0.29196,                   0,             0.00076,             0.00076,             0.00076
                 282,            0.042704,             0.36043,                   0,             0.95111,              0.9391,             0.96864,             0.51152,            0.042389,             0.29163,                   0,            0.000727,            0.000727,            0.000727
                 283,            0.042413,             0.34958,                   0,             0.95663,             0.93179,             0.96564,             0.51036,            0.042433,              0.2917,                   0,            0.000694,            0.000694,            0.000694
                 284,            0.041287,             0.31932,                   0,             0.95566,             0.92893,             0.96644,             0.51169,            0.042515,             0.29209,                   0,            0.000661,            0.000661,            0.000661
                 285,            0.043034,             0.34785,                   0,             0.95385,             0.92647,             0.96369,             0.51044,            0.042617,             0.29264,                   0,            0.000628,            0.000628,            0.000628
                 286,            0.042431,             0.34382,                   0,             0.95598,             0.92845,             0.96462,             0.51066,            0.042627,             0.29284,                   0,            0.000595,            0.000595,            0.000595
                 287,            0.042337,             0.34835,                   0,             0.95727,             0.92693,             0.96588,             0.51304,            0.042619,             0.29335,                   0,            0.000562,            0.000562,            0.000562
                 288,            0.042602,             0.34697,                   0,             0.95771,             0.93017,             0.96676,              0.5126,            0.042582,             0.29342,                   0,            0.000529,            0.000529,            0.000529
                 289,            0.042624,             0.34959,                   0,             0.95657,             0.93041,               0.967,             0.51354,            0.042543,             0.29278,                   0,            0.000496,            0.000496,            0.000496
                 290,            0.042865,             0.36203,                   0,             0.95871,              0.9319,             0.96932,             0.51553,            0.042512,             0.29225,                   0,            0.000463,            0.000463,            0.000463
                 291,            0.042242,             0.34697,                   0,             0.95676,             0.93456,             0.96892,             0.51636,            0.042405,             0.29137,                   0,             0.00043,             0.00043,             0.00043
                 292,            0.042439,             0.35738,                   0,             0.95885,             0.93448,             0.97018,              0.5174,            0.042331,             0.29117,                   0,            0.000397,            0.000397,            0.000397
                 293,             0.04194,              0.3491,                   0,             0.96099,             0.93442,             0.97035,             0.51898,            0.042281,             0.29108,                   0,            0.000364,            0.000364,            0.000364
                 294,            0.040975,             0.31868,                   0,             0.95949,             0.93103,             0.96886,             0.51749,            0.042261,             0.29107,                   0,            0.000331,            0.000331,            0.000331
                 295,            0.042413,             0.33194,                   0,             0.95832,              0.9317,             0.97017,             0.51714,             0.04225,             0.29121,                   0,            0.000298,            0.000298,            0.000298
                 296,            0.042538,             0.36823,                   0,             0.95812,              0.9319,             0.97004,             0.51789,            0.042279,             0.29152,                   0,            0.000265,            0.000265,            0.000265
                 297,            0.043695,             0.36385,                   0,             0.95951,              0.9319,             0.97014,             0.51872,            0.042319,             0.29184,                   0,            0.000232,            0.000232,            0.000232
                 298,            0.043556,             0.37178,                   0,             0.96087,             0.93134,             0.96939,             0.51712,             0.04237,             0.29228,                   0,            0.000199,            0.000199,            0.000199
                 299,             0.04251,             0.35428,                   0,             0.96192,             0.93276,             0.96996,               0.517,            0.042428,             0.29279,                   0,            0.000166,            0.000166,            0.000166
